primary_label,secondary_labels,type,latitude,longitude,scientific_name,common_name,author,date,filename,license,rating,time,url,duration,split
azaspi1,[],['song'],8.7171,-71.3304,Synallaxis azarae,Azara's Spinetail,Joe Klaiber,0000-00-00,XC219896.wav,Creative Commons Attribution-NonCommercial-ShareAlike 4.0,5.0,00:00,https://www.xeno-canto.org/219896,9.682,train
azaspi1,[],['song'],-0.44,-77.8624,Synallaxis azarae,Azara's Spinetail,GABRIEL LEITE,2014-07-11,XC186641.wav,Creative Commons Attribution-NonCommercial-ShareAlike 4.0,5.0,11:00,https://www.xeno-canto.org/186641,12.304,train
azaspi1,[],['song'],-17.1528,-65.9084,Synallaxis azarae,Azara's Spinetail,Sjoerd Mayer,1992-08-28,XC1596.wav,Creative Commons Attribution-NonCommercial-ShareAlike 3.0,5.0,?,https://www.xeno-canto.org/1596,12.862,train
azaspi1,[],['song'],-4.6476,-79.74426,Synallaxis azarae,Azara's Spinetail,Willem-Pier Vellinga,2000-07-00,XC746.wav,Creative Commons Attribution-NonCommercial-ShareAlike 3.0,4.5,?:?,https://www.xeno-canto.org/746,14.358,test
azaspi1,[],['song'],1.6564,-76.183,Synallaxis azarae,Azara's Spinetail,David Bradley,2015-12-26,XC298616.wav,Creative Commons Attribution-NonCommercial-ShareAlike 4.0,5.0,06:00,https://www.xeno-canto.org/298616,14.78,train
azaspi1,[],['song'],-23.6738,-64.9004,Synallaxis azarae,Azara's Spinetail,Richard Dunn,2016-10-19,XC345968.wav,Creative Commons Attribution-NonCommercial-ShareAlike 4.0,5.0,08:00,https://www.xeno-canto.org/345968,15.114,train
azaspi1,[],['song'],-2.6,-78.7,Synallaxis azarae,Azara's Spinetail,Bob Planqué,2002-08-12,XC9.wav,Creative Commons Attribution-NonCommercial-ShareAlike 3.0,5.0,7:00,https://www.xeno-canto.org/9,16.812,test
azaspi1,[],['song'],-5.9104,-78.4268,Synallaxis azarae,Azara's Spinetail,Jorge Tiravanti,2008-05-10,XC123916.wav,Creative Commons Attribution-NonCommercial-ShareAlike 3.0,5.0,06:00,https://www.xeno-canto.org/123916,16.84,train
azaspi1,[],['song'],-13.1667,-72.5501,Synallaxis azarae,Azara's Spinetail,Niels Krabbe,1983-07-05,XC47794.wav,Creative Commons Attribution-NonCommercial-ShareAlike 3.0,5.0,.,https://www.xeno-canto.org/47794,17.094,test
azaspi1,[],['song'],-4.117,-80.067,Synallaxis azarae,Azara's Spinetail,John V. Moore,1999-03-00,XC258105.wav,Creative Commons Attribution-NonCommercial-ShareAlike 4.0,5.0,?,https://www.xeno-canto.org/258105,17.354,train
azaspi1,[],['song'],4.6167,-74.3001,Synallaxis azarae,Azara's Spinetail,Jhon Jimenez,2020-05-09,XC558284.wav,Creative Commons Attribution-NonCommercial-ShareAlike 4.0,5.0,07:30,https://www.xeno-canto.org/558284,17.574,test
azaspi1,[],['song'],-6.3876,-79.1167,Synallaxis azarae,Azara's Spinetail,Bob Planqué,2008-08-10,XC37734.wav,Creative Commons Attribution-NonCommercial-ShareAlike 3.0,4.5,6:00,https://www.xeno-canto.org/37734,17.856,train
azaspi1,[],['song'],8.609,-71.0563,Synallaxis azarae,Azara's Spinetail,Joe Klaiber,0000-00-00,XC219361.wav,Creative Commons Attribution-NonCommercial-ShareAlike 4.0,5.0,00:00,https://www.xeno-canto.org/219361,18.178,train
azaspi1,[],['song'],-0.017,-78.685,Synallaxis azarae,Azara's Spinetail,John V. Moore,1998-05-00,XC258103.wav,Creative Commons Attribution-NonCommercial-ShareAlike 4.0,5.0,?,https://www.xeno-canto.org/258103,18.39,train
azaspi1,[],['song'],-7.3917,-78.5861,Synallaxis azarae,Azara's Spinetail,Wilson Diaz,2018-10-06,XC446744.wav,Creative Commons Attribution-NonCommercial-ShareAlike 4.0,5.0,12:00,https://www.xeno-canto.org/446744,19.12,train
azaspi1,[],['song'],5.544,-75.8027,Synallaxis azarae,Azara's Spinetail,A Edwar H Guarín,2016-01-12,XC311809.wav,Creative Commons Attribution-NonCommercial-ShareAlike 4.0,5.0,08:00,https://www.xeno-canto.org/311809,19.296,train
azaspi1,[],['song'],-13.1661,-72.5403,Synallaxis azarae,Azara's Spinetail,Ross Gallardy,2015-05-18,XC296536.wav,Creative Commons Attribution-NonCommercial-ShareAlike 4.0,5.0,08:30,https://www.xeno-canto.org/296536,19.882,train
azaspi1,[],['song'],4.5669,-75.3253,Synallaxis azarae,Azara's Spinetail,Yair Guillermo Molina Martínez.,2017-06-14,XC423758.wav,Creative Commons Attribution-NonCommercial-ShareAlike 4.0,5.0,11:03,https://www.xeno-canto.org/423758,21.046,train
azaspi1,[],['song'],1.8404,-75.66199999999999,Synallaxis azarae,Azara's Spinetail,Mauricio Cuellar Ramirez (@Birding.travel),2021-01-18,XC616298.wav,Creative Commons Attribution-NonCommercial-ShareAlike 4.0,5.0,15:30,https://www.xeno-canto.org/616298,21.126,test
azaspi1,[],['song'],-23.6738,-64.9004,Synallaxis azarae,Azara's Spinetail,Richard Dunn,2016-10-19,XC345967.wav,Creative Commons Attribution-NonCommercial-ShareAlike 4.0,5.0,08:00,https://www.xeno-canto.org/345967,21.37,train
azaspi1,[],['song?'],-6.3876,-79.1167,Synallaxis azarae,Azara's Spinetail,Willem-Pier Vellinga,2008-08-05,XC23793.wav,Creative Commons Attribution-NonCommercial-ShareAlike 3.0,5.0,17:55,https://www.xeno-canto.org/23793,22.25,train
azaspi1,[],['song'],8.6071,-71.053,Synallaxis azarae,Azara's Spinetail,Joe Klaiber,2008-11-17,XC254148.wav,Creative Commons Attribution-NonCommercial-ShareAlike 4.0,5.0,00:00,https://www.xeno-canto.org/254148,22.456,train
azaspi1,[],['song'],-0.0431,-78.7376,Synallaxis azarae,Azara's Spinetail,GABRIEL LEITE,2014-07-04,XC186595.wav,Creative Commons Attribution-NonCommercial-ShareAlike 4.0,5.0,10:00,https://www.xeno-canto.org/186595,22.72,train
azaspi1,[],['song'],1.8404,-75.66199999999999,Synallaxis azarae,Azara's Spinetail,Mauricio Cuellar Ramirez (@Birding.travel),2021-01-18,XC616296.wav,Creative Commons Attribution-NonCommercial-ShareAlike 4.0,5.0,15:30,https://www.xeno-canto.org/616296,23.346,test
azaspi1,[],['song'],4.4689,-75.2281,Synallaxis azarae,Azara's Spinetail,Hernán Arias,2013-06-09,XC138006.wav,Creative Commons Attribution-NonCommercial-ShareAlike 3.0,5.0,11:55,https://www.xeno-canto.org/138006,25.302,train
azaspi1,[],['song'],-7.433,-78.5613,Synallaxis azarae,Azara's Spinetail,Manuel Roncal- Rabanal,2018-05-06,XC437966.wav,Creative Commons Attribution-NonCommercial-ShareAlike 4.0,5.0,02:30,https://www.xeno-canto.org/437966,27.23,train
azaspi1,[],['song'],-3.6795,-79.2376,Synallaxis azarae,Azara's Spinetail,Andrew Spencer,2013-02-02,XC121137.wav,Creative Commons Attribution-NonCommercial-ShareAlike 3.0,5.0,10:00,https://www.xeno-canto.org/121137,27.61,train
azaspi1,[],['song'],-13.1673,-72.5459,Synallaxis azarae,Azara's Spinetail,Dries Van de Loock,2016-12-20,XC389767.wav,Creative Commons Attribution-NonCommercial-ShareAlike 4.0,5.0,?,https://www.xeno-canto.org/389767,27.714,train
azaspi1,[],['song after playback'],-6.9117,-78.1762,Synallaxis azarae,Azara's Spinetail,Niels Krabbe,1983-09-12,XC47792.wav,Creative Commons Attribution-NonCommercial-ShareAlike 3.0,5.0,.,https://www.xeno-canto.org/47792,28.134,test
azaspi1,[],['song'],-4.1154,-79.1712,Synallaxis azarae,Azara's Spinetail,Jerome Fischer,0201-12-21,XC207317.wav,Creative Commons Attribution-NonCommercial-ShareAlike 4.0,5.0,07:30,https://www.xeno-canto.org/207317,28.39,train
azaspi1,[],['song'],-0.0167,-78.6834,Synallaxis azarae,Azara's Spinetail,Nick Athanas,2000-07-12,XC7993.wav,Creative Commons Attribution-NonCommercial-ShareAlike 3.0,5.0,09:00,https://www.xeno-canto.org/7993,29.22,test
azaspi1,[],['song'],-4.5763,-79.1345,Synallaxis azarae,Azara's Spinetail,Leonardo Ordóñez-Delgado,2016-02-22,XC341353.wav,Creative Commons Attribution-NonCommercial-ShareAlike 4.0,5.0,08:30,https://www.xeno-canto.org/341353,29.294,train
azaspi1,[],"['adult', 'sex uncertain', 'song']",-13.3407,-72.8689,Synallaxis azarae,Azara's Spinetail,Martin St-Michel,2019-10-09,XC575173.wav,Creative Commons Attribution-NonCommercial-ShareAlike 4.0,5.0,06:32,https://www.xeno-canto.org/575173,29.614,test
azaspi1,[],['song'],6.4037,-75.5016,Synallaxis azarae,Azara's Spinetail,Sergio Chaparro-Herrera & Andrea Lopera-Salazar,2016-01-28,XC310055.wav,Creative Commons Attribution-NonCommercial-ShareAlike 4.0,5.0,08:30,https://www.xeno-canto.org/310055,32.304,train
azaspi1,[],['song'],-16.283,-67.883,Synallaxis azarae,Azara's Spinetail,Sjoerd Mayer,1993-11-08,XC1961.wav,Creative Commons Attribution-NonCommercial-ShareAlike 3.0,4.5,8:00,https://www.xeno-canto.org/1961,32.328,train
azaspi1,[],['song'],0.4036,-78.205,Synallaxis azarae,Azara's Spinetail,Nicole Alfaro Ponce,2018-02-24,XC418849.wav,Creative Commons Attribution-NonCommercial-ShareAlike 4.0,5.0,06:30,https://www.xeno-canto.org/418849,33.192,train
azaspi1,[],['song'],1.8404,-75.66199999999999,Synallaxis azarae,Azara's Spinetail,Mauricio Cuellar Ramirez (@Birding.travel),2021-01-18,XC616297.wav,Creative Commons Attribution-NonCommercial-ShareAlike 4.0,5.0,15:30,https://www.xeno-canto.org/616297,34.966,test
azaspi1,[],['song'],4.5585,-75.3275,Synallaxis azarae,Azara's Spinetail,Jerome Fischer,2020-02-16,XC528262.wav,Creative Commons Attribution-NonCommercial-ShareAlike 4.0,5.0,17:00,https://www.xeno-canto.org/528262,35.486,test
azaspi1,[],['song'],-0.017,-78.685,Synallaxis azarae,Azara's Spinetail,Niels Krabbe,1997-03-25,XC248481.wav,Creative Commons Attribution-ShareAlike 4.0,5.0,07:00,https://www.xeno-canto.org/248481,40.976,train
azaspi1,[],['song'],-3.5742,-79.4268,Synallaxis azarae,Azara's Spinetail,Leonardo Ordóñez-Delgado,2013-11-08,XC155456.wav,Creative Commons Attribution-NonCommercial-ShareAlike 3.0,5.0,07:00,https://www.xeno-canto.org/155456,42.538,train
azaspi1,[],['song'],-23.7288,-64.8495,Synallaxis azarae,Azara's Spinetail,Juha Honkala,2017-11-15,XC395079.wav,Creative Commons Attribution-NonCommercial-ShareAlike 4.0,4.5,18:30,https://www.xeno-canto.org/395079,43.958,train
azaspi1,[],['song'],-13.1745,-71.5878,Synallaxis azarae,Azara's Spinetail,Will Sweet,2018-08-24,XC453698.wav,Creative Commons Attribution-NonCommercial-ShareAlike 4.0,4.5,08:00,https://www.xeno-canto.org/453698,44.878,test
azaspi1,[],['song'],6.236000000000001,-75.67699999999999,Synallaxis azarae,Azara's Spinetail,Álvaro José Rodríguez Cardona & Natalia Yepes,2017-10-23,XC390788.wav,Creative Commons Attribution-NonCommercial-ShareAlike 4.0,5.0,09:30,https://www.xeno-canto.org/390788,47.85,train
azaspi1,[],['song'],5.0737,-75.4378,Synallaxis azarae,Azara's Spinetail,Hotel Tinamu,2016-11-24,XC344361.wav,Creative Commons Attribution-NonCommercial-ShareAlike 4.0,5.0,16:00,https://www.xeno-canto.org/344361,49.21,train
azaspi1,[],['song'],-20.8001,-64.5334,Synallaxis azarae,Azara's Spinetail,Sjoerd Mayer,1992-03-24,XC1562.wav,Creative Commons Attribution-NonCommercial-ShareAlike 3.0,4.5,?,https://www.xeno-canto.org/1562,52.26,train
azaspi1,[],['song'],1.7955560000000002,-76.35139000000001,Synallaxis azarae,Azara's Spinetail,Diego Calderón (Colección de Sonidos Ambientales - Instituto Humboldt),2005-08-14,XC147957.wav,Creative Commons Attribution-NonCommercial-ShareAlike 3.0,5.0,8:57,https://www.xeno-canto.org/147957,55.662,train
azaspi1,[],"['adult', 'sex uncertain', 'song']",-3.6981,-79.3044,Synallaxis azarae,Azara's Spinetail,Leonardo Ordóñez-Delgado,2019-10-09,XC513872.wav,Creative Commons Attribution-NonCommercial-ShareAlike 4.0,5.0,09:30,https://www.xeno-canto.org/513872,55.934,test
azaspi1,[],['song'],5.4898,-75.9014,Synallaxis azarae,Azara's Spinetail,A Edwar H Guarín,2014-06-29,XC192613.wav,Creative Commons Attribution-NonCommercial-ShareAlike 4.0,5.0,09:30,https://www.xeno-canto.org/192613,61.168,train
azaspi1,[],['song'],-3.5742,-79.4268,Synallaxis azarae,Azara's Spinetail,Leonardo Ordóñez-Delgado,2013-11-07,XC153778.wav,Creative Commons Attribution-NonCommercial-ShareAlike 3.0,5.0,09:30,https://www.xeno-canto.org/153778,66.05,train
azaspi1,[],['song'],5.4898,-75.9014,Synallaxis azarae,Azara's Spinetail,A Edwar H Guarín,2014-06-29,XC192617.wav,Creative Commons Attribution-NonCommercial-ShareAlike 4.0,5.0,09:00,https://www.xeno-canto.org/192617,76.504,train
azaspi1,[],['song'],4.66481,-75.63287,Synallaxis azarae,Azara's Spinetail,Oscar Humberto Marín Gómez,2009-03-12,XC244720.wav,Creative Commons Attribution-NonCommercial-ShareAlike 3.0,5.0,17:46,https://www.xeno-canto.org/244720,82.738,train
azaspi1,[],['song'],-3.9918,-79.1011,Synallaxis azarae,Azara's Spinetail,Leonardo Ordóñez-Delgado,2013-12-11,XC158145.wav,Creative Commons Attribution-NonCommercial-ShareAlike 3.0,5.0,06:00,https://www.xeno-canto.org/158145,117.91,train
azaspi1,[],['song'],4.66481,-75.63287,Synallaxis azarae,Azara's Spinetail,Oscar Humberto Marín Gómez,2009-03-12,XC244721.wav,Creative Commons Attribution-NonCommercial-ShareAlike 3.0,5.0,17:50,https://www.xeno-canto.org/244721,136.626,train
chcant2,[],['song'],10.3638,-72.9782,Grallaria ruficapilla,Chestnut-crowned Antpitta,Bobby Wilcox,2019-10-25,XC511583.wav,Creative Commons Attribution-NonCommercial-ShareAlike 4.0,5.0,08:30,https://www.xeno-canto.org/511583,7.174,train
chcant2,[],['song'],8.609,-71.0563,Grallaria ruficapilla,Chestnut-crowned Antpitta,Joe Klaiber,2008-05-13,XC219901.wav,Creative Commons Attribution-NonCommercial-ShareAlike 4.0,5.0,00:00,https://www.xeno-canto.org/219901,10.098,train
chcant2,[],['song'],4.7761,-75.5924,Grallaria ruficapilla,Chestnut-crowned Antpitta,David Monroy Rengifo,2018-08-22,XC433176.wav,Creative Commons Attribution-NonCommercial-ShareAlike 4.0,5.0,09:30,https://www.xeno-canto.org/433176,11.442,train
chcant2,[],['song'],5.0737,-75.4378,Grallaria ruficapilla,Chestnut-crowned Antpitta,Bobby Wilcox,2016-10-25,XC362800.wav,Creative Commons Attribution-NonCommercial-ShareAlike 4.0,5.0,07:30,https://www.xeno-canto.org/362800,15.21,train
chcant2,[],['song'],5.5374,-75.8029,Grallaria ruficapilla,Chestnut-crowned Antpitta,David Edwards,2012-01-00,XC119657.wav,Creative Commons Attribution-NonCommercial-ShareAlike 3.0,5.0,17:00,https://www.xeno-canto.org/119657,15.226,train
chcant2,[],['song'],5.5374,-75.8029,Grallaria ruficapilla,Chestnut-crowned Antpitta,David Edwards,2012-01-00,XC119656.wav,Creative Commons Attribution-NonCommercial-ShareAlike 3.0,5.0,17:00,https://www.xeno-canto.org/119656,16.526,train
chcant2,[],['song'],-4.037,-79.93,Grallaria ruficapilla,Chestnut-crowned Antpitta,Niels Krabbe,1991-02-11,XC250285.wav,Creative Commons Attribution-ShareAlike 4.0,5.0,?,https://www.xeno-canto.org/250285,18.04,train
chcant2,[],['song'],-0.589,-77.877,Grallaria ruficapilla,Chestnut-crowned Antpitta,John V. Moore,1997-04-00,XC258593.wav,Creative Commons Attribution-NonCommercial-ShareAlike 4.0,5.0,?,https://www.xeno-canto.org/258593,18.254,train
chcant2,[],['song'],-6.7874,-77.9399,Grallaria ruficapilla,Chestnut-crowned Antpitta,Fabrice Schmitt,2016-10-19,XC609905.wav,Creative Commons Attribution-NonCommercial-ShareAlike 4.0,5.0,17:00,https://www.xeno-canto.org/609905,20.27,test
chcant2,[],['song'],-0.017,-78.685,Grallaria ruficapilla,Chestnut-crowned Antpitta,John V. Moore,1998-03-00,XC258594.wav,Creative Commons Attribution-NonCommercial-ShareAlike 4.0,5.0,?,https://www.xeno-canto.org/258594,21.41,train
chcant2,[],['song'],-3.509,-79.26100000000001,Grallaria ruficapilla,Chestnut-crowned Antpitta,Niels Krabbe,1992-11-03,XC250142.wav,Creative Commons Attribution-ShareAlike 4.0,5.0,?,https://www.xeno-canto.org/250142,22.456,train
chcant2,[],['song'],-4.4797,-79.391,Grallaria ruficapilla,Chestnut-crowned Antpitta,Leonardo Ordóñez-Delgado,2013-01-10,XC118041.wav,Creative Commons Attribution-NonCommercial-ShareAlike 3.0,5.0,14:30,https://www.xeno-canto.org/118041,22.782,train
chcant2,[],['song'],-7.1366,-78.8468,Grallaria ruficapilla,Chestnut-crowned Antpitta,Wilson Diaz,2019-03-18,XC462276.wav,Creative Commons Attribution-NonCommercial-ShareAlike 4.0,5.0,11:00,https://www.xeno-canto.org/462276,23.314,train
chcant2,[],['song'],4.6149,-74.3106,Grallaria ruficapilla,Chestnut-crowned Antpitta,Victor Vanegas,2018-07-08,XC432481.wav,Creative Commons Attribution-NonCommercial-ShareAlike 4.0,5.0,10:10,https://www.xeno-canto.org/432481,25.194,train
chcant2,[],['song'],-5.8797,-79.5397,Grallaria ruficapilla,Chestnut-crowned Antpitta,Ross Gallardy,2015-07-04,XC297060.wav,Creative Commons Attribution-NonCommercial-ShareAlike 4.0,5.0,08:00,https://www.xeno-canto.org/297060,25.402,train
chcant2,[],['song'],4.7221,-75.5773,Grallaria ruficapilla,Chestnut-crowned Antpitta,Jim Holmes,2016-01-31,XC302211.wav,Creative Commons Attribution-NonCommercial-ShareAlike 4.0,5.0,10:30,https://www.xeno-canto.org/302211,26.272,train
chcant2,[],['song'],4.6124,-74.0426,Grallaria ruficapilla,Chestnut-crowned Antpitta,Marcela Morales sánchez,2020-06-21,XC585286.wav,Creative Commons Attribution-NonCommercial-ShareAlike 4.0,5.0,05:33,https://www.xeno-canto.org/585286,26.426,test
chcant2,[],['song'],-2.843,-79.1528,Grallaria ruficapilla,Chestnut-crowned Antpitta,Juan M Aguilar,2014-11-05,XC202060.wav,Creative Commons Attribution-NonCommercial-ShareAlike 4.0,5.0,08:00,https://www.xeno-canto.org/202060,27.94,train
chcant2,[],['song'],4.5943,-75.3272,Grallaria ruficapilla,Chestnut-crowned Antpitta,Yair Guillermo Molina Martínez.,2017-10-19,XC424625.wav,Creative Commons Attribution-NonCommercial-ShareAlike 4.0,5.0,12:39,https://www.xeno-canto.org/424625,28.398,train
chcant2,[],['song'],8.6209,-71.0331,Grallaria ruficapilla,Chestnut-crowned Antpitta,Nick Athanas,2006-08-14,XC7222.wav,Creative Commons Attribution-NonCommercial-ShareAlike 3.0,4.5,07:30,https://www.xeno-canto.org/7222,29.97,test
chcant2,[],['song'],4.6113,-74.3153,Grallaria ruficapilla,Chestnut-crowned Antpitta,GABRIEL LEITE,2016-04-01,XC312398.wav,Creative Commons Attribution-NonCommercial-ShareAlike 4.0,5.0,08:30,https://www.xeno-canto.org/312398,31.278,train
chcant2,[],['song'],1.7634,-75.767,Grallaria ruficapilla,Chestnut-crowned Antpitta,Jorge Muñoz,2016-02-14,XC303603.wav,Creative Commons Attribution-NonCommercial-ShareAlike 4.0,5.0,14:30,https://www.xeno-canto.org/303603,33.216,train
chcant2,[],['song'],-0.0167,-78.6834,Grallaria ruficapilla,Chestnut-crowned Antpitta,Nick Athanas,2001-01-14,XC7221.wav,Creative Commons Attribution-NonCommercial-ShareAlike 3.0,5.0,08:00,https://www.xeno-canto.org/7221,33.504,test
chcant2,[],['song'],6.1755,-75.6703,Grallaria ruficapilla,Chestnut-crowned Antpitta,Álvaro José Rodríguez Cardona & Natalia Yepes,2017-09-25,XC389869.wav,Creative Commons Attribution-NonCommercial-ShareAlike 4.0,5.0,07:00,https://www.xeno-canto.org/389869,34.914,train
chcant2,[],['song'],1.6699,-76.2382,Grallaria ruficapilla,Chestnut-crowned Antpitta,Jorge L. Peña,2017-06-11,XC548966.wav,Creative Commons Attribution-NonCommercial-ShareAlike 4.0,5.0,11:00,https://www.xeno-canto.org/548966,35.254,train
chcant2,[],['song'],-0.589,-77.877,Grallaria ruficapilla,Chestnut-crowned Antpitta,John V. Moore,1996-11-00,XC258592.wav,Creative Commons Attribution-NonCommercial-ShareAlike 4.0,5.0,?,https://www.xeno-canto.org/258592,35.574,train
chcant2,[],['song'],5.6333,-73.4833,Grallaria ruficapilla,Chestnut-crowned Antpitta,David Edwards,2012-01-00,XC119658.wav,Creative Commons Attribution-NonCommercial-ShareAlike 3.0,5.0,07:00,https://www.xeno-canto.org/119658,36.63,train
chcant2,[],['song'],5.5374,-75.8029,Grallaria ruficapilla,Chestnut-crowned Antpitta,David Edwards,2012-01-00,XC119659.wav,Creative Commons Attribution-NonCommercial-ShareAlike 3.0,5.0,17:00,https://www.xeno-canto.org/119659,37.39,train
chcant2,[],['song'],10.3643,-72.9458,Grallaria ruficapilla,Chestnut-crowned Antpitta,Ross Gallardy,2016-12-14,XC353247.wav,Creative Commons Attribution-NonCommercial-ShareAlike 4.0,5.0,10:30,https://www.xeno-canto.org/353247,40.334,train
chcant2,[],['song'],4.7992,-73.9025,Grallaria ruficapilla,Chestnut-crowned Antpitta,David Ricardo Rodríguez Villamil,2016-03-22,XC308984.wav,Creative Commons Attribution-NonCommercial-ShareAlike 4.0,5.0,08:30,https://www.xeno-canto.org/308984,43.142,train
chcant2,[],['song'],-0.5883,-77.8815,Grallaria ruficapilla,Chestnut-crowned Antpitta,Romuald Mikusek,2009-11-02,XC337294.wav,Creative Commons Attribution-NonCommercial-ShareAlike 4.0,5.0,14:30,https://www.xeno-canto.org/337294,44.006,train
chcant2,[],['song'],4.6149,-74.3106,Grallaria ruficapilla,Chestnut-crowned Antpitta,Guy Kirwan,2017-02-19,XC357289.wav,Creative Commons Attribution-NonCommercial-ShareAlike 4.0,5.0,07:30,https://www.xeno-canto.org/357289,47.428,train
chcant2,[],['song'],1.078,-76.7968,Grallaria ruficapilla,Chestnut-crowned Antpitta,Juan Pablo López-O.,2017-07-16,XC380167.wav,Creative Commons Attribution-NonCommercial-ShareAlike 4.0,4.5,10:30,https://www.xeno-canto.org/380167,49.128,train
chcant2,[],['song'],4.4837,-75.4797,Grallaria ruficapilla,Chestnut-crowned Antpitta,Oscar H. Marín-Gómez,2013-03-21,XC127873.wav,Creative Commons Attribution-NonCommercial-ShareAlike 3.0,5.0,14:00,https://www.xeno-canto.org/127873,52.156,train
chcant2,[],['song'],-0.37799999999999995,-78.075,Grallaria ruficapilla,Chestnut-crowned Antpitta,Jerome Fischer,2017-09-14,XC387745.wav,Creative Commons Attribution-NonCommercial-ShareAlike 4.0,5.0,16:30,https://www.xeno-canto.org/387745,59.122,train
chcant2,[],['song (atypical)'],-3.2319999999999998,-79.281,Grallaria ruficapilla,Chestnut-crowned Antpitta,Niels Krabbe,1998-11-19,XC250076.wav,Creative Commons Attribution-ShareAlike 4.0,5.0,07:20,https://www.xeno-canto.org/250076,59.982,train
chcant2,[],['song'],-3.2295,-79.2717,Grallaria ruficapilla,Chestnut-crowned Antpitta,George Wagner,2019-02-02,XC521255.wav,Creative Commons Attribution-NonCommercial-ShareAlike 4.0,5.0,10:00,https://www.xeno-canto.org/521255,61.594,train
chcant2,[],['song'],-0.017,-78.685,Grallaria ruficapilla,Chestnut-crowned Antpitta,Niels Krabbe,1998-07-11,XC248488.wav,Creative Commons Attribution-ShareAlike 4.0,5.0,10:20,https://www.xeno-canto.org/248488,62.842,train
chcant2,[],['song'],-4.3674,-79.7265,Grallaria ruficapilla,Chestnut-crowned Antpitta,George Wagner,2019-01-21,XC521251.wav,Creative Commons Attribution-NonCommercial-ShareAlike 4.0,5.0,09:00,https://www.xeno-canto.org/521251,65.074,train
chcant2,[],['song'],-0.083,-78.669,Grallaria ruficapilla,Chestnut-crowned Antpitta,Daniel Lane,1997-07-19,XC71346.wav,Creative Commons Attribution-NonCommercial-ShareAlike 3.0,5.0,15:45,https://www.xeno-canto.org/71346,65.674,test
chcant2,[],['song'],-6.2662,-77.9161,Grallaria ruficapilla,Chestnut-crowned Antpitta,Fabrice Schmitt,2013-08-13,XC608572.wav,Creative Commons Attribution-NonCommercial-ShareAlike 4.0,5.0,18:30,https://www.xeno-canto.org/608572,66.566,test
chcant2,[],['song'],-1.3928,-78.4269,Grallaria ruficapilla,Chestnut-crowned Antpitta,Ezra Pasackow,2016-04-25,XC314635.wav,Creative Commons Attribution-NonCommercial-ShareAlike 4.0,5.0,8:51,https://www.xeno-canto.org/314635,68.248,train
chcant2,[],['song'],-0.083,-78.669,Grallaria ruficapilla,Chestnut-crowned Antpitta,Daniel Lane,1997-07-19,XC71347.wav,Creative Commons Attribution-NonCommercial-ShareAlike 3.0,5.0,15:45,https://www.xeno-canto.org/71347,73.946,test
chcant2,[],"['sex uncertain', 'song']",-6.7251,-77.7968,Grallaria ruficapilla,Chestnut-crowned Antpitta,Wilson Diaz,2019-07-29,XC588250.wav,Creative Commons Attribution-NonCommercial-ShareAlike 4.0,5.0,18:30,https://www.xeno-canto.org/588250,75.93,test
chcant2,[],['song'],1.81,-76.34971999999999,Grallaria ruficapilla,Chestnut-crowned Antpitta,Diego Calderón (Colección de Sonidos Ambientales - Instituto Humboldt),2004-08-18,XC148030.wav,Creative Commons Attribution-NonCommercial-ShareAlike 3.0,5.0,7:39,https://www.xeno-canto.org/148030,76.474,train
chcant2,[],"['adult', 'sex uncertain', 'song']",-0.0268,-78.7422,Grallaria ruficapilla,Chestnut-crowned Antpitta,Nunes-de-Almeida,2020-02-26,XC530717.wav,Creative Commons Attribution-NonCommercial-ShareAlike 4.0,5.0,07:00,https://www.xeno-canto.org/530717,76.758,train
chcant2,[],['song'],10.3643,-72.9458,Grallaria ruficapilla,Chestnut-crowned Antpitta,Ross Gallardy,2016-12-14,XC353248.wav,Creative Commons Attribution-NonCommercial-ShareAlike 4.0,5.0,10:30,https://www.xeno-canto.org/353248,78.914,train
chcant2,[],['song'],-6.7874,-77.9399,Grallaria ruficapilla,Chestnut-crowned Antpitta,Fabrice Schmitt,2016-10-19,XC609906.wav,Creative Commons Attribution-NonCommercial-ShareAlike 4.0,5.0,17:00,https://www.xeno-canto.org/609906,82.406,test
chcant2,[],['song'],1.81,-76.34971999999999,Grallaria ruficapilla,Chestnut-crowned Antpitta,Diego Calderón (Colección de Sonidos Ambientales - Instituto Humboldt),2004-08-18,XC148029.wav,Creative Commons Attribution-NonCommercial-ShareAlike 3.0,4.5,7:38,https://www.xeno-canto.org/148029,84.91,train
chcant2,[],['song'],-4.4797,-79.391,Grallaria ruficapilla,Chestnut-crowned Antpitta,Leonardo Ordóñez-Delgado,2013-01-10,XC118040.wav,Creative Commons Attribution-NonCommercial-ShareAlike 3.0,5.0,10:30,https://www.xeno-canto.org/118040,100.382,train
chcant2,[],['song'],4.5669,-75.3253,Grallaria ruficapilla,Chestnut-crowned Antpitta,Yair Guillermo Molina Martínez.,2017-06-14,XC423762.wav,Creative Commons Attribution-NonCommercial-ShareAlike 4.0,5.0,10:14,https://www.xeno-canto.org/423762,102.474,train
chcant2,[],['song'],1.7955560000000002,-76.35139000000001,Grallaria ruficapilla,Chestnut-crowned Antpitta,Diego Calderón (Colección de Sonidos Ambientales - Instituto Humboldt),2005-08-15,XC147994.wav,Creative Commons Attribution-NonCommercial-ShareAlike 3.0,5.0,8:53,https://www.xeno-canto.org/147994,102.83,train
chcant2,[],['song'],5.9336,-73.2294,Grallaria ruficapilla,Chestnut-crowned Antpitta,Johana Zuluaga-Bonilla,2008-10-14,XC153089.wav,Creative Commons Attribution-NonCommercial-ShareAlike 3.0,5.0,14:00,https://www.xeno-canto.org/153089,103.174,train
chcant2,[],['song'],-4.3667,-79.7501,Grallaria ruficapilla,Chestnut-crowned Antpitta,Jerome Fischer,2015-01-15,XC210285.wav,Creative Commons Attribution-NonCommercial-ShareAlike 4.0,5.0,09:30,https://www.xeno-canto.org/210285,120.75,train
chcant2,[],['song'],6.109,-75.54899999999999,Grallaria ruficapilla,Chestnut-crowned Antpitta,Danny Zapata-Henao,2014-11-16,XC202803.wav,Creative Commons Attribution-NonCommercial-ShareAlike 4.0,4.5,08:53,https://www.xeno-canto.org/202803,128.852,train
chcant2,[],['song'],1.7955560000000002,-76.35139000000001,Grallaria ruficapilla,Chestnut-crowned Antpitta,Diego Calderón (Colección de Sonidos Ambientales - Instituto Humboldt),2005-08-15,XC147995.wav,Creative Commons Attribution-NonCommercial-ShareAlike 3.0,5.0,9:00,https://www.xeno-canto.org/147995,140.842,train
chcant2,[],"['life stage uncertain', 'mimicry/imitation', 'sex uncertain', 'song']",5.1286,-75.9288,Grallaria ruficapilla,Chestnut-crowned Antpitta,Fabio Agudelo Zapata,2020-06-08,XC572620.wav,Creative Commons Attribution-NonCommercial-ShareAlike 4.0,5.0,12:30,https://www.xeno-canto.org/572620,153.224,test
houspa,[],['song'],60.8209,21.3936,Passer domesticus,House Sparrow,Tero Linjama,2007-06-30,XC349815.wav,Creative Commons Attribution-NonCommercial-ShareAlike 4.0,5.0,07:00,https://www.xeno-canto.org/349815,9.85,train
houspa,[],['song'],39.9976,-105.1179,Passer domesticus,House Sparrow,Ted Floyd,2017-01-20,XC351547.wav,Creative Commons Attribution-NonCommercial-ShareAlike 4.0,5.0,07:24,https://www.xeno-canto.org/351547,10.046,train
houspa,[],['song'],50.1179,19.005,Passer domesticus,House Sparrow,Ireneusz Oleksik,2019-03-01,XC459671.wav,Creative Commons Attribution-NonCommercial-ShareAlike 4.0,4.5,10:00,https://www.xeno-canto.org/459671,10.094,train
houspa,[],['song'],41.0871,1.1009,Passer domesticus,House Sparrow,Sidney M,2020-05-03,XC553795.wav,Creative Commons Attribution-NonCommercial-ShareAlike 4.0,5.0,18:00,https://www.xeno-canto.org/553795,10.124,train
houspa,[],"['male', 'song']",59.8861,-1.3066,Passer domesticus,House Sparrow,Andrew Harrop,2020-04-03,XC541041.wav,Creative Commons Attribution-NonCommercial-ShareAlike 4.0,5.0,14:00,https://www.xeno-canto.org/541041,10.718,train
houspa,[],"['adult', 'male', 'song']",57.4706,-4.163,Passer domesticus,House Sparrow,B Whyte,2020-05-06,XC554794.wav,Creative Commons Attribution-NonCommercial-ShareAlike 4.0,4.5,14:30,https://www.xeno-canto.org/554794,12.622,train
houspa,[],['song'],36.2944,33.9409,Passer domesticus,House Sparrow,Tero Linjama,2007-05-20,XC349814.wav,Creative Commons Attribution-NonCommercial-ShareAlike 4.0,5.0,07:00,https://www.xeno-canto.org/349814,13.158,train
houspa,[],['song'],46.791000000000004,1.1859,Passer domesticus,House Sparrow,Olivier SWIFT,2017-06-18,XC512608.wav,Creative Commons Attribution-NonCommercial-ShareAlike 4.0,5.0,07:00,https://www.xeno-canto.org/512608,13.264,train
houspa,[],['song'],60.1235,24.4765,Passer domesticus,House Sparrow,Eetu Paljakka,2014-05-01,XC209059.wav,Creative Commons Attribution-NonCommercial-ShareAlike 4.0,4.5,06:44,https://www.xeno-canto.org/209059,15.848,train
houspa,[],"['adult', 'sex uncertain', 'song']",41.3448,2.0292,Passer domesticus,House Sparrow,Iván Vega ,2020-04-25,XC550742.wav,Creative Commons Attribution-NonCommercial-ShareAlike 4.0,4.5,07:00,https://www.xeno-canto.org/550742,15.894,train
houspa,[],"['life stage uncertain', 'male', 'song']",17.1733,-96.7706,Passer domesticus,House Sparrow,Manuel Grosselet,2020-04-05,XC542231.wav,Creative Commons Attribution-NonCommercial-ShareAlike 4.0,5.0,08:00,https://www.xeno-canto.org/542231,17.054,train
houspa,[],"['adult', 'male', 'song']",56.2667,16.4834,Passer domesticus,House Sparrow,Patrik Åberg,2019-05-22,XC511607.wav,Creative Commons Attribution-NonCommercial-ShareAlike 4.0,5.0,16:59,https://www.xeno-canto.org/511607,17.19,train
houspa,[],"['adult', 'song']",41.3448,2.0292,Passer domesticus,House Sparrow,Iván Vega ,2020-04-11,XC544200.wav,Creative Commons Attribution-NonCommercial-ShareAlike 4.0,4.5,07:00,https://www.xeno-canto.org/544200,20.406,train
houspa,[],"['adult', 'male', 'song']",59.2358,17.7099,Passer domesticus,House Sparrow,Hans Norelius,2020-05-29,XC563091.wav,Creative Commons Attribution-NonCommercial-ShareAlike 4.0,5.0,12:30,https://www.xeno-canto.org/563091,20.838,test
houspa,[],['song'],-33.0669,18.0476,Passer domesticus,House Sparrow,Faansie Peacock,2017-09-30,XC388296.wav,Creative Commons Attribution-NonCommercial-ShareAlike 4.0,4.5,05:30,https://www.xeno-canto.org/388296,21.928,train
houspa,[],"['male', 'song']",42.951,0.6486,Passer domesticus,House Sparrow,Olivier SWIFT,2020-06-23,XC571245.wav,Creative Commons Attribution-NonCommercial-ShareAlike 4.0,5.0,13:09,https://www.xeno-canto.org/571245,21.994,test
houspa,[],"['male', 'song']",49.2753,-1.1458,Passer domesticus,House Sparrow,Olivier SWIFT,2019-04-24,XC468461.wav,Creative Commons Attribution-NonCommercial-ShareAlike 4.0,5.0,18:00,https://www.xeno-canto.org/468461,23.656,train
houspa,[],['song'],36.7049,52.6547,Passer domesticus,House Sparrow,Patrik Åberg,2017-04-17,XC405292.wav,Creative Commons Attribution-NonCommercial-ShareAlike 4.0,5.0,06:51,https://www.xeno-canto.org/405292,24.602,train
houspa,[],"['chirp', 'song']",40.6061,-74.2772,Passer domesticus,House Sparrow,William Whitehead,2019-12-26,XC513500.wav,Creative Commons Attribution-NonCommercial-ShareAlike 4.0,5.0,09:00,https://www.xeno-canto.org/513500,25.0,train
houspa,[],"['pretty sure it is a song', 'song']",24.2558,55.7465,Passer domesticus,House Sparrow,Aladdin,2018-12-01,XC445435.wav,Creative Commons Attribution-NonCommercial-ShareAlike 4.0,5.0,09:00,https://www.xeno-canto.org/445435,25.38,train
houspa,[],"['male', 'song']",41.6162,0.6192,Passer domesticus,House Sparrow,Jordi Calvet,2013-06-08,XC139186.wav,Creative Commons Attribution-NonCommercial-ShareAlike 3.0,5.0,14:55,https://www.xeno-canto.org/139186,25.96,train
houspa,[],"['male', 'song']",71.0639,28.2506,Passer domesticus,House Sparrow,Karl-Birger Strann,2004-06-25,XC444029.wav,Creative Commons Attribution-NonCommercial-ShareAlike 4.0,5.0,06:00,https://www.xeno-canto.org/444029,25.986,train
houspa,[],['song'],24.3259,56.6696,Passer domesticus,House Sparrow,Timo Janhonen,2009-12-27,XC112666.wav,Creative Commons Attribution-NonCommercial-ShareAlike 3.0,5.0,10:45,https://www.xeno-canto.org/112666,27.438,train
houspa,[],['song'],-6.3474,-47.3895,Passer domesticus,House Sparrow,JAYRSON ARAUJO DE OLIVEIRA,2018-07-11,XC428537.wav,Creative Commons Attribution-NonCommercial-ShareAlike 4.0,5.0,6:43,https://www.xeno-canto.org/428537,27.67,train
houspa,[],"['adult', 'male', 'song']",25.7324,-109.0271,Passer domesticus,House Sparrow,Manuel Grosselet,2020-06-20,XC570549.wav,Creative Commons Attribution-NonCommercial-ShareAlike 4.0,5.0,06:30,https://www.xeno-canto.org/570549,27.87,test
houspa,[],"['chirp', 'song']",40.6061,-74.2772,Passer domesticus,House Sparrow,William Whitehead,2019-12-26,XC513501.wav,Creative Commons Attribution-NonCommercial-ShareAlike 4.0,5.0,09:00,https://www.xeno-canto.org/513501,29.92,train
houspa,[],"['nisting song', 'song']",47.9984,10.9503,Passer domesticus,House Sparrow,Beatrix Saadi-Varchmin,2019-07-09,XC514021.wav,Creative Commons Attribution-NonCommercial-ShareAlike 4.0,5.0,05:17,https://www.xeno-canto.org/514021,29.95,train
houspa,[],['song'],-14.625,-49.0051,Passer domesticus,House Sparrow,JAYRSON ARAUJO DE OLIVEIRA,2018-11-17,XC443452.wav,Creative Commons Attribution-NonCommercial-ShareAlike 4.0,5.0,13:20,https://www.xeno-canto.org/443452,30.712,train
houspa,[],"['adult', 'male', 'song']",-33.9222,151.2028,Passer domesticus,House Sparrow,James Ray,2019-11-26,XC508461.wav,Creative Commons Attribution-ShareAlike 4.0,5.0,12:00,https://www.xeno-canto.org/508461,31.024,train
houspa,[],"['adult', 'male', 'song']",50.4705,3.7119999999999997,Passer domesticus,House Sparrow,Alain Malengreau,2020-04-23,XC550004.wav,Creative Commons Attribution-NonCommercial-ShareAlike 4.0,5.0,11:00,https://www.xeno-canto.org/550004,31.062,train
houspa,[],"['adult', 'male', 'song']",50.4705,3.7119999999999997,Passer domesticus,House Sparrow,Alain Malengreau,2020-04-23,XC550006.wav,Creative Commons Attribution-NonCommercial-ShareAlike 4.0,5.0,11:00,https://www.xeno-canto.org/550006,31.062,train
houspa,[],"['male', 'song']",47.9983,-2.7196,Passer domesticus,House Sparrow,Olivier SWIFT,2017-07-28,XC565683.wav,Creative Commons Attribution-NonCommercial-ShareAlike 4.0,5.0,12:38,https://www.xeno-canto.org/565683,32.562,test
houspa,[],"['adult', 'sex uncertain', 'song']",42.0861,-79.2417,Passer domesticus,House Sparrow,Jim Berry,2020-05-22,XC560584.wav,Creative Commons Attribution-NonCommercial-ShareAlike 4.0,5.0,05:30,https://www.xeno-canto.org/560584,33.29,test
houspa,[],"['male', 'song']",46.5305,0.2365,Passer domesticus,House Sparrow,Benoît Van Hecke,2020-04-08,XC543237.wav,Creative Commons Attribution-ShareAlike 4.0,5.0,13:18,https://www.xeno-canto.org/543237,35.374,train
houspa,[],"['adult', 'female', 'male', 'song']",47.4507,11.2753,Passer domesticus,House Sparrow,Jarek Matusiak,2020-02-20,XC530808.wav,Creative Commons Attribution-NonCommercial-ShareAlike 4.0,5.0,10:00,https://www.xeno-canto.org/530808,36.298,train
houspa,[],"['adult', 'male', 'song']",41.5564,1.8551,Passer domesticus,House Sparrow,Jordi Calvet,2020-04-06,XC544305.wav,Creative Commons Attribution-NonCommercial-ShareAlike 4.0,4.5,09:50,https://www.xeno-canto.org/544305,39.094,train
houspa,[],['song'],-51.7211,-72.5084,Passer domesticus,House Sparrow,Andrew Spencer,2012-11-16,XC116041.wav,Creative Commons Attribution-NonCommercial-ShareAlike 3.0,5.0,06:30,https://www.xeno-canto.org/116041,39.63,train
houspa,[],"['adult', 'male', 'song']",41.5564,1.8551,Passer domesticus,House Sparrow,Jordi Calvet,2020-04-06,XC544308.wav,Creative Commons Attribution-NonCommercial-ShareAlike 4.0,5.0,10:00,https://www.xeno-canto.org/544308,42.85,train
houspa,[],"['male', 'song']",49.3597,-1.2466,Passer domesticus,House Sparrow,Olivier SWIFT,2019-04-24,XC468467.wav,Creative Commons Attribution-NonCommercial-ShareAlike 4.0,4.5,15:00,https://www.xeno-canto.org/468467,47.158,train
houspa,[],"['male', 'song']",52.6646,23.5784,Passer domesticus,House Sparrow,Jarek Matusiak,2010-02-21,XC151150.wav,Creative Commons Attribution-NonCommercial-ShareAlike 3.0,4.5,10:00,https://www.xeno-canto.org/151150,49.21,train
houspa,[],"['male', 'song']",47.3765,-1.3331,Passer domesticus,House Sparrow,Olivier SWIFT,2018-04-29,XC502429.wav,Creative Commons Attribution-NonCommercial-ShareAlike 4.0,4.5,07:12,https://www.xeno-canto.org/502429,49.594,train
houspa,[],['song'],51.4877,0.223,Passer domesticus,House Sparrow,Fraser Simpson,2019-02-24,XC459146.wav,Creative Commons Attribution-NonCommercial-ShareAlike 4.0,5.0,07:10,https://www.xeno-canto.org/459146,49.882,train
houspa,[],['song'],36.7078,55.669,Passer domesticus,House Sparrow,Patrik Åberg,2017-04-18,XC405192.wav,Creative Commons Attribution-NonCommercial-ShareAlike 4.0,5.0,05:57,https://www.xeno-canto.org/405192,50.322,train
houspa,[],"['male', 'song']",37.8891,-4.7732,Passer domesticus,House Sparrow,Esperanza Poveda,2018-04-28,XC414547.wav,Creative Commons Attribution-NonCommercial-ShareAlike 4.0,5.0,?,https://www.xeno-canto.org/414547,51.594,train
houspa,[],"['male', 'song']",37.8891,-4.7732,Passer domesticus,House Sparrow,Esperanza Poveda,2018-04-28,XC414548.wav,Creative Commons Attribution-NonCommercial-ShareAlike 4.0,5.0,?,https://www.xeno-canto.org/414548,51.594,train
houspa,[],"['male', 'song']",50.992,7.4781,Passer domesticus,House Sparrow,Stephan Risch,2020-06-01,XC564822.wav,Creative Commons Attribution-NonCommercial-ShareAlike 4.0,5.0,09:34,https://www.xeno-canto.org/564822,53.998,test
houspa,[],"['adult', 'male', 'song']",56.2667,16.4834,Passer domesticus,House Sparrow,Patrik Åberg,2019-05-22,XC511609.wav,Creative Commons Attribution-NonCommercial-ShareAlike 4.0,4.5,18:13,https://www.xeno-canto.org/511609,57.806,train
houspa,[],"['male', 'song']",49.3597,-1.2466,Passer domesticus,House Sparrow,Olivier SWIFT,2019-04-24,XC468457.wav,Creative Commons Attribution-NonCommercial-ShareAlike 4.0,4.5,14:30,https://www.xeno-canto.org/468457,59.518,train
houspa,[],['song'],46.5761,0.3221,Passer domesticus,House Sparrow,Jack Berteau,2020-03-23,XC543376.wav,Creative Commons Attribution-NonCommercial-ShareAlike 4.0,4.5,17:00,https://www.xeno-canto.org/543376,60.046,train
houspa,[],"['male', 'song']",49.63399999999999,26.2213,Passer domesticus,House Sparrow,Ruslan Mazuryk,2020-05-19,XC559757.wav,Creative Commons Attribution-NonCommercial-ShareAlike 4.0,5.0,13:43,https://www.xeno-canto.org/559757,60.162,test
houspa,[],"['male', 'song']",49.2753,-1.1458,Passer domesticus,House Sparrow,Olivier SWIFT,2019-04-24,XC468459.wav,Creative Commons Attribution-NonCommercial-ShareAlike 4.0,4.5,18:00,https://www.xeno-canto.org/468459,60.21,train
houspa,[],['song'],29.8303,53.5961,Passer domesticus,House Sparrow,Patrik Åberg,2017-04-08,XC405237.wav,Creative Commons Attribution-NonCommercial-ShareAlike 4.0,5.0,08:29,https://www.xeno-canto.org/405237,64.238,train
houspa,[],['song'],50.1191,18.9721,Passer domesticus,House Sparrow,Ireneusz Oleksik,2019-05-10,XC472457.wav,Creative Commons Attribution-NonCommercial-ShareAlike 4.0,5.0,05:00,https://www.xeno-canto.org/472457,67.578,train
houspa,[],"['male', 'song']",60.2095,25.1088,Passer domesticus,House Sparrow,Hannu Varkki,2020-04-16,XC547014.wav,Creative Commons Attribution-NonCommercial-ShareAlike 4.0,4.5,09:00,https://www.xeno-canto.org/547014,75.038,train
houspa,[],['song'],46.5763,0.3222,Passer domesticus,House Sparrow,Jack Berteau,2018-06-10,XC438428.wav,Creative Commons Attribution-NonCommercial-ShareAlike 4.0,5.0,10:30,https://www.xeno-canto.org/438428,76.89,train
houspa,[],"['male', 'song']",63.7495,11.2927,Passer domesticus,House Sparrow,Terje Kolaas,2015-04-28,XC240215.wav,Creative Commons Attribution-NonCommercial-ShareAlike 4.0,5.0,06:00,https://www.xeno-canto.org/240215,77.75,train
houspa,[],"['male', 'song']",41.681000000000004,0.9549,Passer domesticus,House Sparrow,Jordi Calvet,2019-06-01,XC479935.wav,Creative Commons Attribution-NonCommercial-ShareAlike 4.0,4.5,07:00,https://www.xeno-canto.org/479935,80.684,train
houspa,[],['song'],47.9983,-2.7196,Passer domesticus,House Sparrow,Olivier SWIFT,2017-07-28,XC565682.wav,Creative Commons Attribution-NonCommercial-ShareAlike 4.0,4.5,12:37,https://www.xeno-canto.org/565682,81.75,test
houspa,[],['song'],36.7049,52.6547,Passer domesticus,House Sparrow,Patrik Åberg,2017-04-17,XC405293.wav,Creative Commons Attribution-NonCommercial-ShareAlike 4.0,5.0,06:53,https://www.xeno-canto.org/405293,83.586,train
houspa,[],"['male', 'song']",43.2083,0.0804,Passer domesticus,House Sparrow,Olivier SWIFT,2019-05-27,XC500409.wav,Creative Commons Attribution-NonCommercial-ShareAlike 4.0,4.5,06:30,https://www.xeno-canto.org/500409,90.504,train
houspa,[],"['adult', 'male', 'song']",25.7324,-109.0271,Passer domesticus,House Sparrow,Isain Contreras Rodríguez,2020-06-20,XC570604.wav,Creative Commons Attribution-NonCommercial-ShareAlike 4.0,5.0,07:00,https://www.xeno-canto.org/570604,99.328,test
houspa,[],"['male', 'song']",49.63399999999999,26.2213,Passer domesticus,House Sparrow,Ruslan Mazuryk,2020-05-09,XC559708.wav,Creative Commons Attribution-NonCommercial-ShareAlike 4.0,4.5,12:59,https://www.xeno-canto.org/559708,100.262,test
houspa,[],"['male', 'song']",52.4574,20.7224,Passer domesticus,House Sparrow,Jarek Matusiak,2011-03-26,XC151157.wav,Creative Commons Attribution-NonCommercial-ShareAlike 3.0,4.5,10:00,https://www.xeno-canto.org/151157,107.15,train
houspa,[],"['adult', 'male', 'song']",56.2667,16.4834,Passer domesticus,House Sparrow,Patrik Åberg,2019-05-22,XC511608.wav,Creative Commons Attribution-NonCommercial-ShareAlike 4.0,4.5,17:02,https://www.xeno-canto.org/511608,109.254,train
houspa,[],['song'],40.7442,-3.7444,Passer domesticus,House Sparrow,Jose A. Neila Ballesteros,2020-05-02,XC554478.wav,Creative Commons Attribution-NonCommercial-ShareAlike 4.0,4.5,10:57,https://www.xeno-canto.org/554478,110.46,train
houspa,[],['song'],56.1479,47.2543,Passer domesticus,House Sparrow,Albert Lastukhin,2018-05-15,XC495501.wav,Creative Commons Attribution-NonCommercial-ShareAlike 4.0,5.0,08:30,https://www.xeno-canto.org/495501,111.272,train
houspa,[],['song'],40.7362,-3.7471,Passer domesticus,House Sparrow,Jose A. Neila Ballesteros,2020-05-02,XC554654.wav,Creative Commons Attribution-NonCommercial-ShareAlike 4.0,5.0,17:00,https://www.xeno-canto.org/554654,120.626,train
houspa,[],"['male', 'song']",32.5728,-117.1216,Passer domesticus,House Sparrow,Paul Marvin,2019-07-07,XC485516.wav,Creative Commons Attribution-NonCommercial-ShareAlike 4.0,5.0,07:00,https://www.xeno-canto.org/485516,129.09,train
houspa,[],"['adult', 'male', 'song']",25.7324,-109.0271,Passer domesticus,House Sparrow,Manuel Grosselet,2020-06-20,XC570550.wav,Creative Commons Attribution-NonCommercial-ShareAlike 4.0,5.0,06:30,https://www.xeno-canto.org/570550,204.638,test
houspa,[],"['female', 'male', 'song']",52.2076,20.9609,Passer domesticus,House Sparrow,Jarek Matusiak,2015-01-17,XC210466.wav,Creative Commons Attribution-NonCommercial-ShareAlike 4.0,5.0,15:00,https://www.xeno-canto.org/210466,400.714,train
redcro,[],"['male', 'song']",38.482,-79.2211,Loxia curvirostra,Red Crossbill,Ross Gallardy,2016-04-01,XC310002.wav,Creative Commons Attribution-NonCommercial-ShareAlike 4.0,5.0,08:00,https://www.xeno-canto.org/310002,9.122,train
redcro,[],"['adult', 'male', 'song']",42.7463,-71.7074,Loxia curvirostra,Red Crossbill,Christopher McPherson,2020-08-04,XC602260.wav,Creative Commons Attribution-NonCommercial-ShareAlike 4.0,5.0,14:30,https://www.xeno-canto.org/602260,10.91,train
redcro,[],"['male', 'song']",50.8134,15.6078,Loxia curvirostra,Red Crossbill,Michał Jezierski,2020-07-06,XC597544.wav,Creative Commons Attribution-NonCommercial-ShareAlike 4.0,5.0,13:25,https://www.xeno-canto.org/597544,19.534,train
redcro,[],['song'],52.503,0.8540000000000001,Loxia curvirostra,Red Crossbill,Simon Gillings,2019-01-04,XC448761.wav,Creative Commons Attribution-NonCommercial-ShareAlike 4.0,4.5,10:00,https://www.xeno-canto.org/448761,21.338,train
redcro,[],['song'],44.504,-123.5522,Loxia curvirostra,Red Crossbill,Andrew Spencer,2013-07-19,XC143214.wav,Creative Commons Attribution-NonCommercial-ShareAlike 3.0,5.0,08:00,https://www.xeno-canto.org/143214,22.306,train
redcro,[],"['adult', 'male', 'song']",52.6014,0.6373,Loxia curvirostra,Red Crossbill,Ashley Banwell,2021-01-02,XC612252.wav,Creative Commons Attribution-NonCommercial-ShareAlike 4.0,5.0,09:30,https://www.xeno-canto.org/612252,26.348,test
redcro,[],['song'],42.141000000000005,1.765,Loxia curvirostra,Red Crossbill,Jordi Calvet,2017-07-20,XC385394.wav,Creative Commons Attribution-NonCommercial-ShareAlike 4.0,5.0,09:30,https://www.xeno-canto.org/385394,27.176,train
redcro,[],"['male', 'song']",34.4984,-112.5415,Loxia curvirostra,Red Crossbill,Micah Riegner,2017-03-04,XC357783.wav,Creative Commons Attribution-NonCommercial-ShareAlike 4.0,5.0,09:00,https://www.xeno-canto.org/357783,27.496,train
redcro,[],"['male', 'song']",48.6603,23.2813,Loxia curvirostra,Red Crossbill,Jarek Matusiak,2015-12-30,XC297687.wav,Creative Commons Attribution-NonCommercial-ShareAlike 4.0,5.0,16:00,https://www.xeno-canto.org/297687,29.926,train
redcro,[],['song'],33.2356,-4.6715,Loxia curvirostra,Red Crossbill,Geoffrey Monchaux,2019-09-19,XC498157.wav,Creative Commons Attribution-NonCommercial-ShareAlike 4.0,5.0,08:50,https://www.xeno-canto.org/498157,31.354,train
redcro,[],['song'],45.1028,5.8847,Loxia curvirostra,Red Crossbill,Vincent Pourchaire,2018-12-31,XC448421.wav,Creative Commons Attribution-NonCommercial-ShareAlike 4.0,5.0,08:00,https://www.xeno-canto.org/448421,31.986,train
redcro,[],['song'],33.2356,-4.6715,Loxia curvirostra,Red Crossbill,Geoffrey Monchaux,2019-09-19,XC498156.wav,Creative Commons Attribution-NonCommercial-ShareAlike 4.0,5.0,08:50,https://www.xeno-canto.org/498156,32.61,train
redcro,[],['song'],48.4948,-123.4381,Loxia curvirostra,Red Crossbill,Ian Cruickshank,2014-07-16,XC187486.wav,Creative Commons Attribution-NonCommercial-ShareAlike 4.0,5.0,10:30,https://www.xeno-canto.org/187486,32.79,train
redcro,[],"['adult', 'male', 'song']",68.4604,16.625,Loxia curvirostra,Red Crossbill,Stein Ø. Nilsen,2020-05-03,XC554850.wav,Creative Commons Attribution-NonCommercial-ShareAlike 4.0,4.5,06:00,https://www.xeno-canto.org/554850,34.288,train
redcro,[],['song'],62.2064,25.6084,Loxia curvirostra,Red Crossbill,Tero Linjama,2008-03-29,XC350463.wav,Creative Commons Attribution-NonCommercial-ShareAlike 4.0,5.0,10:00,https://www.xeno-canto.org/350463,34.518,train
redcro,[],"['adult', 'male', 'song']",48.0024,11.0094,Loxia curvirostra,Red Crossbill,Beatrix Saadi-Varchmin,2020-12-14,XC609234.wav,Creative Commons Attribution-NonCommercial-ShareAlike 4.0,5.0,12:03,https://www.xeno-canto.org/609234,34.554,test
redcro,[],['song'],57.6362,14.1275,Loxia curvirostra,Red Crossbill,PE Svahn,2014-04-01,XC213955.wav,Creative Commons Attribution-NonCommercial-ShareAlike 4.0,5.0,09:00,https://www.xeno-canto.org/213955,34.582,train
redcro,[],"['male', 'song']",55.5892,13.475999999999999,Loxia curvirostra,Red Crossbill,Leif Arvidsson,1977-05-08,XC520026.wav,Creative Commons Attribution-NonCommercial-ShareAlike 4.0,5.0,00:00,https://www.xeno-canto.org/520026,40.01,train
redcro,[],['song'],44.504,-123.5522,Loxia curvirostra,Red Crossbill,Andrew Spencer,2013-07-19,XC143213.wav,Creative Commons Attribution-NonCommercial-ShareAlike 3.0,5.0,07:40,https://www.xeno-canto.org/143213,45.45,train
redcro,[],['song'],52.3474,6.4119,Loxia curvirostra,Red Crossbill,Timo Roeke,2013-11-08,XC153767.wav,Creative Commons Attribution-NonCommercial-ShareAlike 3.0,5.0,11:10,https://www.xeno-canto.org/153767,47.106,train
redcro,[],['song'],46.0839,14.4187,Loxia curvirostra,Red Crossbill,Dare Šere,2015-12-03,XC293449.wav,Creative Commons Attribution-NonCommercial-ShareAlike 4.0,5.0,11:00,https://www.xeno-canto.org/293449,55.478,train
redcro,[],['song'],37.464,-106.448,Loxia curvirostra,Red Crossbill,Andrew Spencer,2012-07-03,XC188780.wav,Creative Commons Attribution-NonCommercial-ShareAlike 4.0,5.0,07:00,https://www.xeno-canto.org/188780,56.006,train
redcro,[],['song'],39.4148,16.6247,Loxia curvirostra,Red Crossbill,Francesco Sottile,2013-06-25,XC140216.wav,Creative Commons Attribution-NonCommercial-ShareAlike 3.0,4.5,08:30,https://www.xeno-canto.org/140216,62.486,train
redcro,[],"['adult', 'male', 'subsong']",27.5279,90.2427,Loxia curvirostra,Red Crossbill,Rolf A. de By,2019-11-11,XC515571.wav,Creative Commons Attribution-NonCommercial-ShareAlike 4.0,5.0,11:50,https://www.xeno-canto.org/515571,62.608,train
redcro,[],"['male', 'song']",36.7352,-4.8854,Loxia curvirostra,Red Crossbill,Jens Kirkeby,2006-04-22,XC322420.wav,Creative Commons Attribution-NonCommercial-ShareAlike 4.0,5.0,11:30,https://www.xeno-canto.org/322420,63.962,train
redcro,[],"['male', 'song']",60.1124,24.6395,Loxia curvirostra,Red Crossbill,Eetu Paljakka,2020-03-27,XC539658.wav,Creative Commons Attribution-NonCommercial-ShareAlike 4.0,4.5,09:20,https://www.xeno-canto.org/539658,65.586,train
redcro,[],"['adult', 'male', 'song']",49.5062,-124.0093,Loxia curvirostra,Red Crossbill,Peter Ward and Ken Hall,1989-06-27,XC598468.wav,Creative Commons Attribution-NonCommercial-ShareAlike 4.0,5.0,08:00,https://www.xeno-canto.org/598468,66.094,train
redcro,[],['song'],58.3667,14.2667,Loxia curvirostra,Red Crossbill,Patrik Åberg,2010-04-04,XC64752.wav,Creative Commons Attribution-NonCommercial-ShareAlike 3.0,4.5,10:21,https://www.xeno-canto.org/64752,75.678,test
redcro,[],['song'],58.3667,14.2667,Loxia curvirostra,Red Crossbill,Patrik Åberg,2010-04-04,XC58620.wav,Creative Commons Attribution-NonCommercial-ShareAlike 3.0,5.0,10:21,https://www.xeno-canto.org/58620,75.734,train
redcro,[],"['male', 'song']",50.7942,15.5017,Loxia curvirostra,Red Crossbill,Michał Jezierski,2020-08-30,XC602791.wav,Creative Commons Attribution-NonCommercial-ShareAlike 4.0,5.0,18:44,https://www.xeno-canto.org/602791,76.034,train
redcro,[],['song'],44.504,-123.5522,Loxia curvirostra,Red Crossbill,Andrew Spencer,2013-07-19,XC143212.wav,Creative Commons Attribution-NonCommercial-ShareAlike 3.0,5.0,07:30,https://www.xeno-canto.org/143212,81.014,train
redcro,[],"['adult', 'male', 'song']",48.0024,11.0094,Loxia curvirostra,Red Crossbill,Beatrix Saadi-Varchmin,2020-12-14,XC609235.wav,Creative Commons Attribution-NonCommercial-ShareAlike 4.0,5.0,12:06,https://www.xeno-canto.org/609235,81.862,test
redcro,[],['song'],60.7385,10.9835,Loxia curvirostra,Red Crossbill,Elias A. Ryberg,2016-04-17,XC312766.wav,Creative Commons Attribution-NonCommercial-ShareAlike 4.0,4.5,15:06,https://www.xeno-canto.org/312766,89.034,train
redcro,[],['song'],60.7385,10.9835,Loxia curvirostra,Red Crossbill,Elias A. Ryberg,2016-05-05,XC315119.wav,Creative Commons Attribution-NonCommercial-ShareAlike 4.0,4.5,05:30,https://www.xeno-canto.org/315119,90.402,train
redcro,[],['song'],48.4948,-123.4381,Loxia curvirostra,Red Crossbill,Ian Cruickshank,2014-07-16,XC187485.wav,Creative Commons Attribution-NonCommercial-ShareAlike 4.0,5.0,10:30,https://www.xeno-canto.org/187485,94.754,train
redcro,[],['song'],37.441,34.9357,Loxia curvirostra,Red Crossbill,Cedric Mroczko,2020-12-16,XC609386.wav,Creative Commons Attribution-NonCommercial-ShareAlike 4.0,4.5,16:15,https://www.xeno-canto.org/609386,135.046,test
redcro,[],"['female', 'male', 'song']",49.1259,20.0741,Loxia curvirostra,Red Crossbill,Jarek Matusiak,2016-12-29,XC348970.wav,Creative Commons Attribution-NonCommercial-ShareAlike 4.0,5.0,15:00,https://www.xeno-canto.org/348970,161.582,train
redcro,[],['song'],58.3667,14.2667,Loxia curvirostra,Red Crossbill,Patrik Åberg,2010-04-04,XC64753.wav,Creative Commons Attribution-NonCommercial-ShareAlike 3.0,5.0,10:06,https://www.xeno-canto.org/64753,168.038,test
redcro,[],['song'],39.7686,2.7697,Loxia curvirostra,Red Crossbill,Jerome Fischer,2017-03-12,XC358973.wav,Creative Commons Attribution-NonCommercial-ShareAlike 4.0,5.0,10:00,https://www.xeno-canto.org/358973,184.262,train
redcro,[],"['male', 'song', 'wing sound by flying down at the end']",47.9419,11.1497,Loxia curvirostra,Red Crossbill,Beatrix Saadi-Varchmin,2016-01-03,XC304227.wav,Creative Commons Attribution-NonCommercial-ShareAlike 4.0,4.5,11:44,https://www.xeno-canto.org/304227,303.526,train
wbwwre1,[],['song'],2.1869,-75.5584,Henicorhina leucosticta,White-breasted Wood-Wren,Mauricio Cuellar Ramirez (@Birding.travel),2020-09-14,XC589683.wav,Creative Commons Attribution-NonCommercial-ShareAlike 4.0,5.0,09:30,https://www.xeno-canto.org/589683,6.366,test
wbwwre1,[],['song'],-0.7120000000000001,-77.741,Henicorhina leucosticta,White-breasted Wood-Wren,Mitch Lysinger,2000-12-00,XC261079.wav,Creative Commons Attribution-NonCommercial-ShareAlike 4.0,5.0,?,https://www.xeno-canto.org/261079,7.67,train
wbwwre1,[],['song'],-0.7120000000000001,-77.741,Henicorhina leucosticta,White-breasted Wood-Wren,John V. Moore,2004-01-00,XC259378.wav,Creative Commons Attribution-NonCommercial-ShareAlike 4.0,5.0,?,https://www.xeno-canto.org/259378,7.986,train
wbwwre1,[],['song'],-4.2823,-77.2406,Henicorhina leucosticta,White-breasted Wood-Wren,Fabrice Schmitt,2013-06-16,XC216025.wav,Creative Commons Attribution-NonCommercial-ShareAlike 4.0,4.5,17:00,https://www.xeno-canto.org/216025,8.57,train
wbwwre1,[],['song'],-3.0936,-78.3951,Henicorhina leucosticta,White-breasted Wood-Wren,Leonardo Ordóñez-Delgado,2014-01-20,XC167883.wav,Creative Commons Attribution-NonCommercial-ShareAlike 3.0,5.0,18:00,https://www.xeno-canto.org/167883,8.786,train
wbwwre1,[],['song'],8.5105,-81.0934,Henicorhina leucosticta,White-breasted Wood-Wren,Kent Livezey,2019-02-22,XC460017.wav,Creative Commons Attribution-NonCommercial-ShareAlike 4.0,5.0,08:04,https://www.xeno-canto.org/460017,11.824,train
wbwwre1,[],['song'],7.5591,-60.9225,Henicorhina leucosticta,White-breasted Wood-Wren,Joe Klaiber,2012-10-10,XC225300.wav,Creative Commons Attribution-NonCommercial-ShareAlike 4.0,5.0,00:00,https://www.xeno-canto.org/225300,12.318,train
wbwwre1,[],['song'],9.2176,-79.4225,Henicorhina leucosticta,White-breasted Wood-Wren,Leslie Lieurance,2013-03-06,XC123915.wav,Creative Commons Attribution-NonCommercial-ShareAlike 3.0,5.0,11:00,https://www.xeno-canto.org/123915,13.106,train
wbwwre1,[],['song'],-4.1146,-78.9648,Henicorhina leucosticta,White-breasted Wood-Wren,Leonardo Ordóñez-Delgado,2014-12-01,XC207949.wav,Creative Commons Attribution-NonCommercial-ShareAlike 4.0,5.0,08:00,https://www.xeno-canto.org/207949,13.146,train
wbwwre1,[],['song'],17.3377,-95.0505,Henicorhina leucosticta,White-breasted Wood-Wren,Manuel Grosselet,2013-07-17,XC146307.wav,Creative Commons Attribution-NonCommercial-ShareAlike 3.0,5.0,08:30,https://www.xeno-canto.org/146307,13.6,train
wbwwre1,[],['song'],0.883,-78.8,Henicorhina leucosticta,White-breasted Wood-Wren,Olaf Jahn,1997-11-25,XC262421.wav,Creative Commons Attribution-NonCommercial-ShareAlike 4.0,4.5,?,https://www.xeno-canto.org/262421,14.51,train
wbwwre1,[],['subsong'],10.232000000000001,-84.5481,Henicorhina leucosticta,White-breasted Wood-Wren,Enrique Varela,2018-01-05,XC526138.wav,Creative Commons Attribution-NonCommercial-ShareAlike 4.0,5.0,11:00,https://www.xeno-canto.org/526138,15.28,test
wbwwre1,[],['song'],9.832,-83.5639,Henicorhina leucosticta,White-breasted Wood-Wren,Mary Beth Stowe,2016-09-19,XC338414.wav,Creative Commons Attribution-NonCommercial-ShareAlike 4.0,4.5,05:30,https://www.xeno-canto.org/338414,16.442,train
wbwwre1,[],['song'],-2.299,-78.137,Henicorhina leucosticta,White-breasted Wood-Wren,Jonas Nilsson,1997-03-16,XC276088.wav,Creative Commons Attribution-NonCommercial-ShareAlike 4.0,5.0,08:00,https://www.xeno-canto.org/276088,16.506,train
wbwwre1,[],['song'],9.125,-79.715,Henicorhina leucosticta,White-breasted Wood-Wren,Thore Noernberg,2013-04-24,XC131585.wav,Creative Commons Attribution-NonCommercial-ShareAlike 3.0,5.0,08:45,https://www.xeno-canto.org/131585,16.958,train
wbwwre1,[],['song'],-4.2569,-78.6489,Henicorhina leucosticta,White-breasted Wood-Wren,Charlie Vogt,2017-04-09,XC465206.wav,Creative Commons Attribution-NonCommercial-ShareAlike 4.0,5.0,08:00,https://www.xeno-canto.org/465206,17.36,train
wbwwre1,[],['song'],6.6124,-74.592,Henicorhina leucosticta,White-breasted Wood-Wren,A Edwar H Guarín,2015-04-10,XC311851.wav,Creative Commons Attribution-NonCommercial-ShareAlike 4.0,5.0,16:00,https://www.xeno-canto.org/311851,17.572,train
wbwwre1,[],"['alarm', 'song']",-0.6409999999999999,-76.461,Henicorhina leucosticta,White-breasted Wood-Wren,Niels Krabbe,1994-07-11,XC242762.wav,Creative Commons Attribution-ShareAlike 4.0,5.0,?,https://www.xeno-canto.org/242762,17.7,train
wbwwre1,[],['song'],0.883,-78.8,Henicorhina leucosticta,White-breasted Wood-Wren,Jonas Nilsson,1999-11-07,XC276086.wav,Creative Commons Attribution-NonCommercial-ShareAlike 4.0,4.5,?,https://www.xeno-canto.org/276086,17.73,train
wbwwre1,[],['song'],13.7382,-86.3858,Henicorhina leucosticta,White-breasted Wood-Wren,Jacob C. Cooper,2016-06-16,XC327712.wav,Creative Commons Attribution-NonCommercial-ShareAlike 4.0,5.0,07:00,https://www.xeno-canto.org/327712,17.97,train
wbwwre1,[],['duet song'],1.3001,-78.0834,Henicorhina leucosticta,White-breasted Wood-Wren,Oscar Humberto Marín Gómez,2014-02-02,XC241563.wav,Creative Commons Attribution-NonCommercial-ShareAlike 3.0,5.0,15:15,https://www.xeno-canto.org/241563,18.09,train
wbwwre1,[],['song'],0.2175,-72.4230556,Henicorhina leucosticta,White-breasted Wood-Wren,Mauricio Álvarez-Rebolledo,2001-01-02,XC525148.wav,Creative Commons Attribution-NonCommercial-ShareAlike 4.0,5.0,?,https://www.xeno-canto.org/525148,18.246,test
wbwwre1,[],['song'],-1.035,-77.399,Henicorhina leucosticta,White-breasted Wood-Wren,John V. Moore,2003-11-00,XC259377.wav,Creative Commons Attribution-NonCommercial-ShareAlike 4.0,5.0,?,https://www.xeno-canto.org/259377,18.406,train
wbwwre1,[],['song'],8.6,-80.1333,Henicorhina leucosticta,White-breasted Wood-Wren,James Bradley,2008-03-05,XC164820.wav,Creative Commons Attribution-NonCommercial-ShareAlike 3.0,5.0,14:30,https://www.xeno-canto.org/164820,18.518,train
wbwwre1,[],['song'],-0.7120000000000001,-77.741,Henicorhina leucosticta,White-breasted Wood-Wren,Niels Krabbe,1993-10-11,XC242758.wav,Creative Commons Attribution-ShareAlike 4.0,5.0,06:30:00 AM,https://www.xeno-canto.org/242758,19.322,train
wbwwre1,[],['song'],-4.2569,-78.6489,Henicorhina leucosticta,White-breasted Wood-Wren,Charlie Vogt,2017-04-09,XC465205.wav,Creative Commons Attribution-NonCommercial-ShareAlike 4.0,5.0,08:00,https://www.xeno-canto.org/465205,20.288,train
wbwwre1,[],['song'],13.2724,-85.7178,Henicorhina leucosticta,White-breasted Wood-Wren,Orlando Jarquín G.,2016-06-05,XC384204.wav,Creative Commons Attribution-NonCommercial-ShareAlike 4.0,5.0,05:30,https://www.xeno-canto.org/384204,20.312,train
wbwwre1,[],['song'],7.5591,-60.9225,Henicorhina leucosticta,White-breasted Wood-Wren,Joe Klaiber,2015-02-06,XC225301.wav,Creative Commons Attribution-NonCommercial-ShareAlike 4.0,5.0,00:00,https://www.xeno-canto.org/225301,22.45,train
wbwwre1,[],['song'],7.5591,-60.9225,Henicorhina leucosticta,White-breasted Wood-Wren,Joe Klaiber,2015-02-01,XC247102.wav,Creative Commons Attribution-NonCommercial-ShareAlike 4.0,5.0,00:00,https://www.xeno-canto.org/247102,22.45,train
wbwwre1,[],['song'],10.363,-84.8008,Henicorhina leucosticta,White-breasted Wood-Wren,Carolina Gómez,2015-07-16,XC265767.wav,Creative Commons Attribution-NonCommercial-ShareAlike 4.0,5.0,08:30,https://www.xeno-canto.org/265767,22.584,train
wbwwre1,[],['song'],-3.7489999999999997,-78.8706,Henicorhina leucosticta,White-breasted Wood-Wren,Leonardo Ordóñez-Delgado,2014-06-24,XC189213.wav,Creative Commons Attribution-NonCommercial-ShareAlike 4.0,5.0,10:00,https://www.xeno-canto.org/189213,23.566,train
wbwwre1,[],['song'],9.222000000000001,-80.024,Henicorhina leucosticta,White-breasted Wood-Wren,Jerome Fischer,2019-02-11,XC456719.wav,Creative Commons Attribution-NonCommercial-ShareAlike 4.0,5.0,16:30,https://www.xeno-canto.org/456719,23.686,train
wbwwre1,[],['song'],-0.693,-77.605,Henicorhina leucosticta,White-breasted Wood-Wren,Mitch Lysinger,1997-04-15,XC261078.wav,Creative Commons Attribution-NonCommercial-ShareAlike 4.0,5.0,?,https://www.xeno-canto.org/261078,23.77,train
wbwwre1,[],['song'],13.7382,-86.3858,Henicorhina leucosticta,White-breasted Wood-Wren,Jacob C. Cooper,2016-06-16,XC327714.wav,Creative Commons Attribution-NonCommercial-ShareAlike 4.0,5.0,07:00,https://www.xeno-canto.org/327714,24.062,train
wbwwre1,[],['song'],-2.54,-76.859,Henicorhina leucosticta,White-breasted Wood-Wren,John V. Moore,1995-05-00,XC259384.wav,Creative Commons Attribution-NonCommercial-ShareAlike 4.0,4.5,?,https://www.xeno-canto.org/259384,24.838,train
wbwwre1,[],"['alarm', 'song']",-0.6409999999999999,-76.461,Henicorhina leucosticta,White-breasted Wood-Wren,Niels Krabbe,1994-07-07,XC242761.wav,Creative Commons Attribution-ShareAlike 4.0,5.0,08:00:00 AM,https://www.xeno-canto.org/242761,24.954,train
wbwwre1,[],['song'],-0.638,-76.149,Henicorhina leucosticta,White-breasted Wood-Wren,John V. Moore,1996-05-00,XC259385.wav,Creative Commons Attribution-NonCommercial-ShareAlike 4.0,5.0,?,https://www.xeno-canto.org/259385,25.458,train
wbwwre1,[],['song'],-0.4667,-76.8334,Henicorhina leucosticta,White-breasted Wood-Wren,Nick Athanas,2002-03-29,XC8080.wav,Creative Commons Attribution-NonCommercial-ShareAlike 3.0,5.0,07:10,https://www.xeno-canto.org/8080,28.776,test
wbwwre1,[],['song'],18.5231,-95.1437,Henicorhina leucosticta,White-breasted Wood-Wren,Nick Athanas,2009-03-19,XC31789.wav,Creative Commons Attribution-NonCommercial-ShareAlike 3.0,5.0,10:08,https://www.xeno-canto.org/31789,29.064,train
wbwwre1,[],"['duet', 'song']",9.1334,-79.6501,Henicorhina leucosticta,White-breasted Wood-Wren,Allen T. Chartier,2000-12-24,XC10572.wav,Creative Commons Attribution-NonCommercial-ShareAlike 3.0,5.0,?,https://www.xeno-canto.org/10572,29.518,train
wbwwre1,[],['song'],-0.4383,-76.2791,Henicorhina leucosticta,White-breasted Wood-Wren,Jerome Fischer,2019-05-17,XC475781.wav,Creative Commons Attribution-NonCommercial-ShareAlike 4.0,5.0,07:30,https://www.xeno-canto.org/475781,30.094,train
wbwwre1,[],['song'],-0.9520000000000001,-77.7314,Henicorhina leucosticta,White-breasted Wood-Wren,Scott Olmstead,2007-08-19,XC502154.wav,Creative Commons Attribution-NonCommercial-ShareAlike 4.0,4.5,?,https://www.xeno-canto.org/502154,30.294,train
wbwwre1,[],['song'],7.5591,-60.9225,Henicorhina leucosticta,White-breasted Wood-Wren,Joe Klaiber,2015-02-01,XC247101.wav,Creative Commons Attribution-NonCommercial-ShareAlike 4.0,5.0,00:00,https://www.xeno-canto.org/247101,30.474,train
wbwwre1,[],['songs'],0.883,-78.8,Henicorhina leucosticta,White-breasted Wood-Wren,Olaf Jahn,1997-04-19,XC262426.wav,Creative Commons Attribution-NonCommercial-ShareAlike 4.0,5.0,?,https://www.xeno-canto.org/262426,31.01,train
wbwwre1,[],['song'],0.07416669999999999,-72.45138890000001,Henicorhina leucosticta,White-breasted Wood-Wren,Mauricio Álvarez-Rebolledo (Colección de Sonidos Ambientales - Instituto Humboldt),1999-01-06,XC524159.wav,Creative Commons Attribution-NonCommercial-ShareAlike 4.0,5.0,?,https://www.xeno-canto.org/524159,31.262,test
wbwwre1,[],['song'],3.8365,-76.2982,Henicorhina leucosticta,White-breasted Wood-Wren,Camilo E. Sánchez Sarria,2018-11-19,XC463462.wav,Creative Commons Attribution-NonCommercial-ShareAlike 4.0,5.0,10:30,https://www.xeno-canto.org/463462,31.994,train
wbwwre1,[],['song'],-1.9066,-59.4026,Henicorhina leucosticta,White-breasted Wood-Wren,Juha Honkala,2016-11-04,XC346345.wav,Creative Commons Attribution-NonCommercial-ShareAlike 4.0,4.5,07:30,https://www.xeno-canto.org/346345,32.694,train
wbwwre1,[],['song'],5.246111099999999,-75.6852778,Henicorhina leucosticta,White-breasted Wood-Wren,Mauricio Álvarez-Rebolledo (Colección de Sonidos Ambientales - Instituto Humboldt),2002-03-04,XC532528.wav,Creative Commons Attribution-NonCommercial-ShareAlike 4.0,5.0,?,https://www.xeno-canto.org/532528,33.566,test
wbwwre1,[],['song'],4.831,-75.7054,Henicorhina leucosticta,White-breasted Wood-Wren,JUAN CARLOS NOREÑA TOBÓN,2018-06-06,XC420563.wav,Creative Commons Attribution-NonCommercial-ShareAlike 4.0,5.0,13:13,https://www.xeno-canto.org/420563,33.924,train
wbwwre1,[],['song'],0.08,-77.47,Henicorhina leucosticta,White-breasted Wood-Wren,Patricio Mena Valenzuela,1993-05-17,XC528993.wav,Creative Commons Attribution-NonCommercial-ShareAlike 4.0,5.0,?,https://www.xeno-canto.org/528993,33.976,test
wbwwre1,[],['song'],-0.7120000000000001,-77.741,Henicorhina leucosticta,White-breasted Wood-Wren,John V. Moore,2004-01-00,XC259379.wav,Creative Commons Attribution-NonCommercial-ShareAlike 4.0,5.0,?,https://www.xeno-canto.org/259379,35.138,train
wbwwre1,[],['song'],0.6513,-77.0739,Henicorhina leucosticta,White-breasted Wood-Wren,Iván Lau,2019-05-01,XC588345.wav,Creative Commons Attribution-NonCommercial-ShareAlike 4.0,5.0,17:23,https://www.xeno-canto.org/588345,36.952,test
wbwwre1,[],['song'],0.883,-78.8,Henicorhina leucosticta,White-breasted Wood-Wren,Jonas Nilsson,1999-11-07,XC276087.wav,Creative Commons Attribution-NonCommercial-ShareAlike 4.0,5.0,?,https://www.xeno-canto.org/276087,37.41,train
wbwwre1,[],['song'],-0.114,-77.442,Henicorhina leucosticta,White-breasted Wood-Wren,Patricio Mena Valenzuela,2013-03-06,XC286834.wav,Creative Commons Attribution-NonCommercial-ShareAlike 4.0,4.5,?,https://www.xeno-canto.org/286834,38.0,train
wbwwre1,[],['song'],0.24222220000000003,-72.9375,Henicorhina leucosticta,White-breasted Wood-Wren,Mauricio Álvarez-Rebolledo (Colección de Sonidos Ambientales - Instituto Humboldt),2000-01-01,XC519209.wav,Creative Commons Attribution-NonCommercial-ShareAlike 4.0,4.5,?,https://www.xeno-canto.org/519209,39.402,test
wbwwre1,[],['song'],4.831,-75.7054,Henicorhina leucosticta,White-breasted Wood-Wren,JUAN CARLOS NOREÑA TOBÓN,2018-06-06,XC420564.wav,Creative Commons Attribution-NonCommercial-ShareAlike 4.0,5.0,13:17,https://www.xeno-canto.org/420564,41.866,train
wbwwre1,[],['song'],0.07416669999999999,-72.45138890000001,Henicorhina leucosticta,White-breasted Wood-Wren,Mauricio Álvarez-Rebolledo (Colección de Sonidos Ambientales - Instituto Humboldt),1999-01-06,XC519211.wav,Creative Commons Attribution-NonCommercial-ShareAlike 4.0,5.0,?,https://www.xeno-canto.org/519211,45.51,test
wbwwre1,[],['song'],-4.1001,-78.9646,Henicorhina leucosticta,White-breasted Wood-Wren,Eric DeFonso,2011-04-30,XC119962.wav,Creative Commons Attribution-NonCommercial-ShareAlike 3.0,4.5,08:12,https://www.xeno-canto.org/119962,47.426,train
wbwwre1,[],['song'],-0.4383,-76.2791,Henicorhina leucosticta,White-breasted Wood-Wren,Jerome Fischer,2019-05-17,XC475780.wav,Creative Commons Attribution-NonCommercial-ShareAlike 4.0,5.0,07:30,https://www.xeno-canto.org/475780,49.254,train
wbwwre1,[],['song'],9.103,-79.6636,Henicorhina leucosticta,White-breasted Wood-Wren,Kent Livezey,2017-12-23,XC397540.wav,Creative Commons Attribution-NonCommercial-ShareAlike 4.0,5.0,07:26,https://www.xeno-canto.org/397540,52.062,train
wbwwre1,[],['song'],9.166,-79.404,Henicorhina leucosticta,White-breasted Wood-Wren,William Adsett ,2013-02-13,XC135369.wav,Creative Commons Attribution-NonCommercial-ShareAlike 3.0,5.0,08:00,https://www.xeno-canto.org/135369,57.298,train
wbwwre1,[],"['duet', 'song']",-9.3167,-76.0101,Henicorhina leucosticta,White-breasted Wood-Wren,Niels Krabbe,1983-08-10,XC47404.wav,Creative Commons Attribution-NonCommercial-ShareAlike 3.0,5.0,.,https://www.xeno-canto.org/47404,64.746,train
wbwwre1,[],['song'],0.2119444,-72.4175,Henicorhina leucosticta,White-breasted Wood-Wren,Mauricio Álvarez-Rebolledo (Colección de Sonidos Ambientales - Instituto Humboldt),2001-01-02,XC525555.wav,Creative Commons Attribution-NonCommercial-ShareAlike 4.0,5.0,?,https://www.xeno-canto.org/525555,65.226,test
wbwwre1,[],['song'],15.5077,-88.0561,Henicorhina leucosticta,White-breasted Wood-Wren,Francisco Dubon,2015-03-01,XC215530.wav,Creative Commons Attribution-NonCommercial-ShareAlike 4.0,5.0,07:30,https://www.xeno-canto.org/215530,71.154,train
wbwwre1,[],['song'],0.2119444,-72.4175,Henicorhina leucosticta,White-breasted Wood-Wren,Mauricio Álvarez-Rebolledo (Colección de Sonidos Ambientales - Instituto Humboldt),2001-01-02,XC525556.wav,Creative Commons Attribution-NonCommercial-ShareAlike 4.0,5.0,07:00:00,https://www.xeno-canto.org/525556,74.434,test
wbwwre1,[],['song'],5.0791,-75.6852,Henicorhina leucosticta,White-breasted Wood-Wren,Hotel Tinamu,2016-08-21,XC344303.wav,Creative Commons Attribution-NonCommercial-ShareAlike 4.0,4.5,07:00,https://www.xeno-canto.org/344303,77.646,train
wbwwre1,[],"['dueto', 'song']",4.5538,-75.6604,Henicorhina leucosticta,White-breasted Wood-Wren,Oscar H. Marín-Gómez,2012-07-27,XC128375.wav,Creative Commons Attribution-NonCommercial-ShareAlike 3.0,5.0,09:30,https://www.xeno-canto.org/128375,79.376,train
wbwwre1,[],['song'],18.2813,-94.8224,Henicorhina leucosticta,White-breasted Wood-Wren,Manuel Grosselet,2017-06-28,XC378094.wav,Creative Commons Attribution-NonCommercial-ShareAlike 4.0,5.0,09:00,https://www.xeno-canto.org/378094,85.426,train
wbwwre1,[],['song'],5.246111099999999,-75.6852778,Henicorhina leucosticta,White-breasted Wood-Wren,Mauricio Álvarez-Rebolledo (Colección de Sonidos Ambientales - Instituto Humboldt),2002-03-05,XC533165.wav,Creative Commons Attribution-NonCommercial-ShareAlike 4.0,5.0,?,https://www.xeno-canto.org/533165,97.398,test
wbwwre1,[],['song'],-0.9415,-77.8989,Henicorhina leucosticta,White-breasted Wood-Wren,Leonardo Ordóñez-Delgado,2011-12-10,XC116238.wav,Creative Commons Attribution-NonCommercial-ShareAlike 3.0,5.0,17:00,https://www.xeno-canto.org/116238,99.102,train
wbwwre1,[],['song'],0.867,-78.733,Henicorhina leucosticta,White-breasted Wood-Wren,Niels Krabbe,1999-10-21,XC242770.wav,Creative Commons Attribution-ShareAlike 4.0,5.0,10:35:00 AM,https://www.xeno-canto.org/242770,113.526,train
wbwwre1,[],['song'],8.5054,-77.9759,Henicorhina leucosticta,White-breasted Wood-Wren,Kent Livezey,2017-05-25,XC372481.wav,Creative Commons Attribution-NonCommercial-ShareAlike 4.0,5.0,09:00,https://www.xeno-canto.org/372481,120.78,train
wbwwre1,[],['song'],-3.7489999999999997,-78.8706,Henicorhina leucosticta,White-breasted Wood-Wren,Leonardo Ordóñez-Delgado,2014-06-24,XC190204.wav,Creative Commons Attribution-NonCommercial-ShareAlike 4.0,5.0,17:00,https://www.xeno-canto.org/190204,127.122,train
wbwwre1,[],['song'],-4.1146,-78.9648,Henicorhina leucosticta,White-breasted Wood-Wren,Leonardo Ordóñez-Delgado,2014-12-01,XC207941.wav,Creative Commons Attribution-NonCommercial-ShareAlike 4.0,5.0,07:00,https://www.xeno-canto.org/207941,139.694,train
